ID,NAME,AGE,JOINED,COMPLETED,AREA,CITY
22S001,Rian,17,2022-01-02,2022-02-01,Beach Road,Chidambaram
22S002,Shreshthn,21,2022-01-09,2022-02-20,Keeranathan,Chidambaram
22S003,Aymann,30,2022-01-15,2022-03-08,Ratchagar Nager,Pondicherry
22S004,Zohaann,19,2022-01-16,2022-02-21,Beach Road,Panruti
22S005,Lakshann,18,2022-01-17,2022-02-20,Vanniyar Palayam,Cuddalore
22S006,Pranitn,27,2022-01-17,2022-03-09,Keeranathan,Neyveli
22S007,Madhavn,23,2022-01-24,2022-03-19,Varakalpattu,Cuddalore
22S008,Srihann,30,2022-01-25,2022-03-03,Devanampattinam,Cuddalore
22S009,Aditya,18,2022-01-27,2022-03-13,Manjakuppam,Panruti
22S010,Revaann,18,2022-01-28,2022-03-27,Pattampakkam,Neyveli
22S011,Chrisn,30,2022-01-29,2022-03-03,Keeranathan,Cuddalore
22S012,Vedanshn,21,2022-02-12,2022-03-14,Sowdheshwari Nagar,Cuddalore
22S013,Kanhan,22,2022-02-13,2022-03-22,RK Streen,Cuddalore
22S014,Rudra,26,2022-02-15,2022-04-08,Saibaba Colony,Panruti
22S015,Aarav,30,2022-02-16,2022-03-22,Saibaba Colony,Chidambaram
22S016,Shlok,25,2022-02-17,2022-04-11,Vellapakkam,Panruti
22S017,Ishaan,22,2022-02-28,2022-04-28,JJ Nagar,Pondicherry
22S018,Arjun,16,2022-03-01,2022-04-18,Manjakuppam,Panruti
22S019,Raghav,18,2022-03-02,2022-04-29,Kalaigner Karunanithi Street,Pondicherry
22S020,Jayn,24,2022-03-03,2022-05-01,Keeranathan,Neyveli
22S021,Kiaan,26,2022-03-04,2022-04-03,MK Street,Chidambaram
22S022,Reyansh,25,2022-03-06,2022-04-30,Vella Gate,Pondicherry
22S023,Rishaan,22,2022-03-12,2022-04-15,Beach Road,Neyveli
22S024,Ritvikn,22,2022-03-12,2022-04-14,Sowdheshwari Nagar,Pondicherry
22S025,Aviraj,28,2022-03-14,2022-05-02,Varakalpattu,Cuddalore
22S026,Ethan,24,2022-03-15,2022-04-28,Pattampakkam,Pondicherry
22S027,Mokshn,19,2022-03-23,2022-05-21,O.T,Panruti
22S028,Zayann,19,2022-03-26,2022-05-17,Purushothaman Street,Pondicherry
22S029,Tanishn,17,2022-03-28,2022-04-28,Pattampakkam,Panruti
22S030,Sai,26,2022-03-28,2022-05-16,Saibaba Colony,Chidambaram
22S031,Advik,23,2022-04-03,2022-05-22,Semmandalam,Chidambaram
22S032,Kavin,16,2022-04-04,2022-05-31,Chinna Pattampakkam,Pondicherry
22S033,Anayn,22,2022-04-06,2022-05-20,Veli Semmandalam,Cuddalore
22S034,Ivaan,29,2022-04-08,2022-06-05,Beach Road,Pondicherry
22S035,Agastya,20,2022-04-18,2022-05-20,Semmandalam,Neyveli
22S036,Dhakshann,16,2022-04-18,2022-05-24,MGR Nagar,Neyveli
22S037,Viyaan,25,2022-04-18,2022-06-08,O.T,Panruti
22S038,Parthn,17,2022-04-21,2022-06-06,Vella Gate,Pondicherry
22S039,Aayansh,18,2022-04-21,2022-06-02,Kalaigner Karunanithi Street,Cuddalore
22S040,Pranav,21,2022-04-21,2022-06-05,Sowdheshwari Nagar,Pondicherry
22S041,Tejasn,27,2022-05-02,2022-06-02,Chinna Pattampakkam,Cuddalore
22S042,Shravann,17,2022-05-04,2022-06-12,Devanampattinam,Chidambaram
22S043,Benjaminn,27,2022-05-05,2022-07-02,Beach Road,Cuddalore
22S044,Shivansh,27,2022-05-06,2022-07-03,Nellikuppam,Neyveli
22S045,Zaynen,20,2022-05-14,2022-06-24,Purushothaman Street,Cuddalore
22S046,Omn,28,2022-05-16,2022-06-26,RK Streen,Cuddalore
22S047,Saatvikn,17,2022-05-17,2022-06-16,Purushothaman Street,Cuddalore
22S048,Josephn,21,2022-05-18,2022-07-10,Vellapakkam,Chidambaram
22S049,Jayden,17,2022-05-25,2022-07-21,Vellapakkam,Panruti
22S050, Adin,20,2022-05-25,2022-06-26,Vellapakkam,Pondicherry
22S051,Vikramadityan,17,2022-05-28,2022-07-02,Thennampalayam,Pondicherry
22S052,Ahmed,24,2022-06-16,2022-08-10,Purushothaman Street,Neyveli
22S053,Shaurya,30,2022-06-18,2022-08-15,MK Street,Neyveli
22S054,Viraj,29,2022-06-23,2022-07-24,Thennampalayam,Neyveli
22S055,Ravin,20,2022-06-25,2022-08-17,Vellapakkam,Panruti
22S056,Aarush,29,2022-07-02,2022-08-31,Vella Gate,Neyveli
22S057,Yohann,30,2022-07-02,2022-08-20,Saibaba Colony,Neyveli
22S058, Veer ,16,2022-07-05,2022-08-25,Sowdheshwari Nagar,Chidambaram
22S059,Emmanuel,,2022-07-09,2022-08-21,Periya Kangananguppam,Pondicherry
22S060,Krishna,23,2022-07-11,2022-09-01,JJ Nagar,Pondicherry
22S061,Muhammad,18,2022-07-13,2022-08-18,MK Street,Pondicherry
22S062,Aaryan,24,2022-07-18,2022-08-20,,Pondicherry
22S063,Dakshn,28,2022-07-20,2022-09-03,RK Streen,Pondicherry
22S064,Zionn,28,2022-07-22,2022-09-15,Periya Kangananguppam,Pondicherry
22S065,Aaronn,17,2022-07-26,2022-09-22,Thennampalayam,Chidambaram
22S066,Priyanshn,23,2022-07-31,2022-08-31,JJ Nagar,Pondicherry
22S067,Yuvaan,25,2022-08-14,2022-10-03,MGR Nagar,Chidambaram
22S068,Viranshn,24,2022-08-15,2022-10-13,Vannar Palayam,Cuddalore
22S069,Rudranshn,28,2022-08-17,2022-10-06,Manjakuppam,Cuddalore
22S070,George,28,2022-08-24,2022-09-27,JJ Nagar,Neyveli
22S071,Advait,29,2022-08-25,2022-10-10,Chinna Pattampakkam,Pondicherry
22S072,Anandn,27,2022-09-03,2022-10-20,Saibaba Colony,Neyveli
22S073,Ibrahim,21,2022-09-08,2022-11-07,Devanampattinam,Neyveli
22S074,Shivn,24,2022-09-16,2022-10-29,Gundu Uppalavadi,Pondicherry
22S075,Adamn,21,2022-09-16,2022-10-27,JJ Nagar,Cuddalore
22S076,Farhann,24,2022-09-16,2022-10-18,Periya Kangananguppam,Pondicherry
22S077,Shivay,27,2022-09-26,2022-11-15,Vellapakkam,Pondicherry
22S078,Nihitn,23,2022-09-29,2022-11-23,Manjakuppam,Neyveli
22S079,Yuvin,20,2022-09-29,2022-10-30,MGR Nagar,Panruti
22S080,Elvinn,21,2022-10-04,2022-11-23,Pattampakkam,Neyveli
22S081,Kartikeya,26,2022-10-08,2022-11-25,Devanampattinam,Chidambaram
22S082,Vivaan,21,2022-10-08,2022-11-14,Varakalpattu,Neyveli
22S083,Syed,25,2022-10-19,2022-11-21,Thirupathiripuliyur,Cuddalore
22S084,Avyaan,16,2022-10-20,2022-11-25,Pattampakkam,Neyveli
22S085,Nathan,19,2022-10-27,2022-11-26,Nellikuppam,Cuddalore
22S086,Saiyamn,28,2022-10-30,2022-12-06,Varakalpattu,Panruti
22S087,Atharv,23,2022-10-31,2022-12-27,Gundu Uppalavadi,Chidambaram
22S088,Manasn,29,2022-11-01,2022-12-06,MGR Nagar,Chidambaram
22S089,Dhruv ,27,2022-11-03,2022-12-22,Varakalpattu,Chidambaram
22S090,Riyaann,,2022-11-03,2022-12-07,O.T,Panruti
22S091,Advitn,20,2022-11-08,2022-12-11,Periya Kangananguppam,Pondicherry
22S092,Siddhantn,23,2022-11-18,2022-12-23,Chinna Pattampakkam,Chidambaram
22S093,Aidan,27,2022-11-21,2022-12-29,Thirupathiripuliyur,Cuddalore
22S094,Kabir,17,2022-11-28,2023-01-18,Semmandalam,Neyveli
22S095,Viratn,30,2022-11-29,2023-01-21,RK Streen,Cuddalore
22S096,Vihaan,27,2022-11-29,2022-12-30,O.T,Pondicherry
22S097,Kriyans,19,2022-11-30,2023-01-20,Purushothaman Street,Pondicherry
22S098,Anvitn,25,2022-12-11,2023-01-24,Semmandalam,Chidambaram
22S099,Krishn,18,2022-12-13,2023-01-30,Chinna Kangananguppam,Panruti
22S100,Ayaan,30,2022-12-28,2023-02-06,Purushothaman Street,Neyveli
